"seller_id","delivered_orders","delayed_orders","delayed_pct","avg_late_days"
"2709af9587499e95e803a6498a5a56e9","46","23","50.00","3.48"
"54965bbe3e4f07ae045b90b0b8541f52","81","26","32.10","27.31"
"821fb029fc6e495ca4f08a35d51e53a5","25","8","32.00","7.75"
"ede0c03645598cdfc63ca8237acbe73d","47","15","31.91","10.33"
"ad781527c93d00d89a11eecd9dcad7c1","38","12","31.58","12.58"
"7f152321c60a266edc53af1925ef96c1","20","6","30.00","17.17"
"2a1348e9addc1af5aaa619b1a3679d6b","51","15","29.41","39.27"
"f76a3b1349b6df1ee875d1f3fa4340f0","24","7","29.17","9.00"
"054694fa03fe82cec4b7551487331d74","21","6","28.57","35.00"
"2e1a7d075abe038c1b2743005fe42ff1","22","6","27.27","2.83"
"835f0f7810c76831d6c7d24c7a646d4d","48","13","27.08","5.62"
"71039d19d4303bf9054d69e9a9236699","38","9","23.68","4.89"
"1dfe5347016252a7884b694d4f10f5c4","26","6","23.08","7.17"
"bbad7e518d7af88a0897397ffdca1979","84","19","22.62","9.68"
"6ec1a01e866584bb679eb9b098345919","31","7","22.58","9.71"
"beadbee30901a7f61d031b6b686095ad","68","15","22.06","7.13"
"6039e27294dc75811c0d8a39069f52c0","74","16","21.62","7.38"
"a49928bcdf77c55c6d6e05e09a9b4ca5","104","22","21.15","8.95"
"4e5725ba188db8252977a4f0227bd462","24","5","20.83","15.00"
"ef990a83bbea832f36ebe81376335aa8","44","9","20.45","8.00"
"712e6ed8aa4aa1fa65dab41fed5737e4","85","17","20.00","19.71"
"602044f2c16190c2c6e45eb35c2e21cb","55","11","20.00","8.55"
"66e0557ecc2b4dbea057e93f215f68d8","30","6","20.00","9.00"
"ff69aa92bb6b1bf9b8b7a51c2ed9cf8b","20","4","20.00","9.75"
"2a261b5b644fa05f4f2700eb93544f2c","82","16","19.51","9.06"
"3fd1e727ba94cfe122d165e176ce7967","36","7","19.44","8.57"
"06a2c3af7b3aee5d69171b0e14f0ee87","402","78","19.40","7.68"
"ea566164622c6b439516ab18062c42cd","52","10","19.23","7.50"
"5bc55dbe2f12b6af6d83ed46023e0dc8","21","4","19.05","11.00"
"5011f0d93373a4c5753adf58ca77af8d","21","4","19.05","28.00"
"0d85bbda9889ce1f7e63778d24f346eb","58","11","18.97","7.27"
"cac4c8e7b1ca6252d8f20b2fc1a2e4af","82","15","18.29","32.53"
"f593898ec748b7a8cb81fc04edafd98a","22","4","18.18","7.00"
"cd68562d3f44870c08922d380acae552","129","23","17.83","10.13"
"834f8533b2ecb6598dd004ff3de7203a","45","8","17.78","9.75"
"b64d51f0435e884e8de603b1655155ae","23","4","17.39","5.25"
"ec8879960bd2221d5c32f8e12f7da711","35","6","17.14","8.00"
"d20b021d3efdf267a402c402a48ea64b","102","17","16.67","15.35"
"99a54764c341d5dc80b4a8fac4eba3fb","66","11","16.67","2.27"
"002100f778ceb8431b7a1020ff7ab48f","54","9","16.67","7.44"
"850913d59ce317156b00f3705f1c3edb","30","5","16.67","5.00"
"2c9e548be18521d1c43cde1c582c6de8","171","28","16.37","17.00"
"88460e8ebdecbfecb5f9601833981930","300","49","16.33","9.80"
"abe42c5d03695b4257b5c6cbf4e6784e","49","8","16.33","13.13"
"3c03b12bab54d8b37d79d914bfdb1aa0","43","7","16.28","8.14"
"dd55f1bb788714a40e7954c3be6df745","37","6","16.22","13.33"
"adcf50477d6a1f5d91bb9d54c4903cb5","31","5","16.13","3.60"
"56642bcb79900e777d68e91915cb4267","56","9","16.07","15.33"
"e5a3438891c0bfdb9394643f95273d8e","247","39","15.79","11.41"
"b74d1c09cb380e1d03a6f859c6f4224b","38","6","15.79","3.00"
"11bfa66332777660bd0640ee84d47006","102","16","15.69","9.88"
"b17b679f4f5ce2e03ce6968c62648246","51","8","15.69","9.13"
"8931a84a914b3fe9b1ddaa4d704947ca","32","5","15.63","8.80"
"c60b801f2d52c7f7f91de00870882a75","39","6","15.38","7.83"
"15aac934c58d886785ac1b17953ea898","26","4","15.38","18.00"
"d93919c944be9cff128f6c9cb899eacb","33","5","15.15","23.40"
"8160255418d5aaa7dbdc9f4c64ebda44","424","64","15.09","12.36"
"05f51e13da97139648b8125c31e5f51b","60","9","15.00","8.67"
"5b8154610ebb21fb90eb587365e673df","40","6","15.00","9.33"
"1ca7077d890b907f89be8c954a02686a","127","19","14.96","5.58"
"6973a06f484aacf400ece213dbf3d946","108","16","14.81","6.88"
"3b872fd4747f01cc56206f2934198618","27","4","14.81","6.75"
"244c2f1bff6afe1f2eaf9bfe9b2aed38","27","4","14.81","14.25"
"b561927807645834b59ef0d16ba55a24","95","14","14.74","12.93"
"e96498ed8daaa3e9c23f7a62da76591c","34","5","14.71","9.60"
"432c37c9dfba871172ec162e20118b8c","55","8","14.55","4.13"
"0bf0150d5b9d60d9cd2906003332f085","62","9","14.52","15.00"
"0ed6ce5d87fd9c69eaacaeb778d67235","42","6","14.29","9.33"
"f63d8f293af3a6454377546bd9dd19ff","28","4","14.29","15.00"
"28f10b1c5e5abb9d4857745bede6147c","28","4","14.29","5.00"
"e0878efa0e0b7e5313ac0b43bc04c081","28","4","14.29","12.00"
"d97df38225e5abadaff1e72cb72b823c","28","4","14.29","11.75"
"4aba391bc3b88717ce08eb11e44937b2","28","4","14.29","15.00"
"2156f2671501a81034d7d07f217609d0","21","3","14.29","7.00"
"f08c008c8a8d31417763738a1788a2a8","21","3","14.29","39.67"
"e62b2d6ac10570a035a30bafcf01d263","71","10","14.08","11.50"
"900ba814c251a692506d7834c1218441","86","12","13.95","5.92"
"57c764b4a836300be881e2ff86e449f9","29","4","13.79","4.50"
"ec4608a1f76453166bb312b2968aeaf4","29","4","13.79","15.25"
"323ce52b5b81df2cd804b017b7f09aa7","29","4","13.79","13.50"
"431af27f296bc6519d890aa5a05fdb11","124","17","13.71","10.00"
"2a61c271b1ac763450d846849783e922","22","3","13.64","8.00"
"7b1222c3624aa89b9558b50a2594188c","22","3","13.64","5.00"
"d3f39f05462b79a4562d35893a28f159","37","5","13.51","13.60"
"8b9d6eec4a7eb7d0f9d579ce0b38324d","52","7","13.46","6.14"
"891071be6ba827b591264c90c2ae8a63","90","12","13.33","9.75"
"238fac594e170b59c6d228f5a4f4f1d9","30","4","13.33","8.25"
"3771c85bac139d2344864ede5d9341e3","30","4","13.33","1.75"
"f7ba60f8c3f99e7ee4042fdef03b70c4","229","30","13.10","10.10"
"adbc26658d6c7b4b6219f9d934598091","92","12","13.04","13.67"
"440dd6ab244315c632130ecfb63827b1","92","12","13.04","11.58"
"4c8b8048e33af2bf94f2eb547746a916","23","3","13.04","19.00"
"f918546be4bec7104d117789ba758b2b","23","3","13.04","9.33"
"082e0bf4cb865a6533b1e8e498cc0255","23","3","13.04","6.33"
"e2aee0892199b1d92530e371abd825bf","39","5","12.82","6.40"
"8b28d096634035667e8263d57ba3368c","151","19","12.58","17.21"
"855668e0971d4dfd7bef1b6a4133b41b","311","39","12.54","11.03"
"cee48807215b30a12ca2ca10ffb5f250","40","5","12.50","8.20"
"11305281b50fff20ae8bb473f8e11876","40","5","12.50","5.40"
"681fce914360217db47784ae28905a96","24","3","12.50","4.00"
"7139dc5186aa238b006e066d8fbab2e4","24","3","12.50","14.33"
"23a0ffca143a15b9b5bbdb7d552f626a","24","3","12.50","5.67"
"7e1fb0a3ebfb01ffb3a7dae98bf3238d","169","21","12.43","7.71"
"ff1fb4c404b2efe68b03350a8dc24122","49","6","12.24","3.33"
"8f2ce03f928b567e3d56181ae20ae952","172","21","12.21","9.48"
"2089a6d640999f9b9141ac719b2af596","41","5","12.20","12.40"
"643214e62b870443ccbe55ab29a4dccf","66","8","12.12","2.88"
"c8467937e403e76a8ee9f0ab13f6f5ef","33","4","12.12","6.25"
"fffd5413c0700ac820c7069d66d98c89","58","7","12.07","5.57"
"1eade46fba20122dc4aefb379f8c636b","75","9","12.00","13.89"
"048c2757535328e0d7dac690ad3c0aae","50","6","12.00","11.83"
"e89c4adbe7b1d0819dbb636e16461cf1","25","3","12.00","15.67"
"75d34ebb1bd0bd7dde40dd507b8169c3","67","8","11.94","11.63"
"ba143b05f0110f0dc71ad71b4466ce92","84","10","11.90","7.70"
"3361277dc30b7cccdb0c286b24219756","42","5","11.90","3.00"
"903037660cf848a717166eb7a06d616e","59","7","11.86","13.43"
"b33e7c55446eabf8fe1a42d037ac7d6d","152","18","11.84","9.22"
"7aa4334be125fcdd2ba64b3180029f14","237","28","11.81","9.64"
"a6fe7de3d16f6149ffe280349a8535a0","51","6","11.76","7.67"
"0b35c634521043bf4b47e21547b99ab5","77","9","11.69","23.44"
"34056b8b55c1775a22af2331670a799c","77","9","11.69","5.33"
"2eb70248d66e0e3ef83659f71b244378","197","23","11.68","8.52"
"2e90cb1677d35cfe24eef47d441b7c87","137","16","11.68","5.00"
"7ad32824caee82087b3e2e5f33b1bf32","180","21","11.67","7.90"
"b2479f944e1b90cf8a5de1bbfde284d6","129","15","11.63","10.93"
"972d0f9cf61b499a4812cf0bfa3ad3c4","86","10","11.63","8.60"
"c31eff8334d6b3047ed34bebd4d62c36","121","14","11.57","2.86"
"b1fc4f64df5a0e8b6913ab38803c57a9","121","14","11.57","4.57"
"77a515caa36327151d1cc6c32a9f00e1","26","3","11.54","10.67"
"318f287a62ab7ac10b703ac37435a231","61","7","11.48","4.86"
"0ffa40d54288e4f3499b8780dd0f144f","35","4","11.43","7.25"
"59b22a78efb79a4797979612b885db36","133","15","11.28","8.47"
"dd7ddc04e1b6c2c614352b383efe2d36","142","16","11.27","7.56"
"7d13fca15225358621be4086e1eb0964","571","64","11.21","11.41"
"897060da8b9a21f655304d50fd935913","413","46","11.14","9.85"
"8b2492b7ff4468839593fafeed55bad9","45","5","11.11","36.80"
"0725b8c0f3f906e58f70cbe76b7c748c","36","4","11.11","3.75"
"b499c00f28f4b7069ff6550af8c1348a","182","20","10.99","8.85"
"f3da5b2ff499efb8d4a6d371d175d7dd","82","9","10.98","14.78"
"406822777a0b9eb5c50e442dd4cd3ec5","46","5","10.87","8.20"
"23c38debaffe4a25a30fdbd9b586a13f","46","5","10.87","4.80"
"1caf283236cd69af44cbc09a0a1e7d32","37","4","10.81","21.50"
"a416b6a846a11724393025641d4edd5e","176","19","10.80","5.79"
"8444e55c1f13cd5c179851e5ca5ebd00","102","11","10.78","7.27"
"056b4ada5bbc2c50cc7842547dda6b51","65","7","10.77","22.14"
"6fd52c528dcb38be2eea044946b811f8","84","9","10.71","5.22"
"c0563dd588b775f2e37747ef6ad6c92c","28","3","10.71","5.00"
"f12ff17ad8bbf01ec5c33b17e506649b","28","3","10.71","10.00"
"a673821011d0cec28146ea42f5ab767f","141","15","10.64","12.07"
"4c498c7345e89aebad651544829beca0","47","5","10.64","5.60"
"4869f7a5dfa277a7dca6462dcf3b52b2","1148","121","10.54","9.24"
"fd386aa7bed2af3c7035c65506c9b4a3","76","8","10.53","7.75"
"070d165398b553f3b4b851c216b8a358","38","4","10.53","10.50"
"14d7985702e72162bbf13b6beb74ab2b","38","4","10.53","18.50"
"0176f73cc1195f367f7b32db1e5b3aa8","38","4","10.53","16.00"
"99eaacc9e6046db1c82b163c5f84869f","67","7","10.45","7.86"
"b18dc380845b24038cfc48006478f099","48","5","10.42","7.80"
"5058e8c1e82653974541e83690655b4a","77","8","10.39","14.25"
"c3867b4666c7d76867627c2f7fb22e21","241","25","10.37","12.76"
"f46490624488d3ff7ce78613913a7711","87","9","10.34","6.67"
"7ecd59e5e20407131822c1a68ac59c1f","29","3","10.34","6.33"
"1f1bb1f0859883505541bdd6606193e5","29","3","10.34","3.33"
"3db66a856d18a9cba7c9241fc5221c50","97","10","10.31","5.10"
"50c9975695009e5e6473912e83a6d1da","68","7","10.29","7.43"
"3f3486b61f45078d4f31ee5e43d8c5bb","39","4","10.26","5.75"
"0cbcee27c791afa0cdcb08587a2013a8","39","4","10.26","6.00"
"8e6d7754bc7e0f22c96d255ebda59eba","129","13","10.08","11.46"
"06579cb253ecd5a3a12a9e6eb6bf8f47","70","7","10.00","9.43"
"20cb7c2fde3e5bf10f0bbe7394e1c6a9","50","5","10.00","4.00"
"d71d863e5ef30d94e440c11be17dcd8f","30","3","10.00","11.33"
"1a932caad4f9d804097d7f8e615baed1","30","3","10.00","6.00"
"3ade81dab5a172b88e1871c28ae05260","30","3","10.00","11.00"
"e8b4225284fbb02d16f200513f1f395d","30","3","10.00","5.67"
"b2ac621f0d0322434d04a12b078b9369","30","3","10.00","5.33"
"6562efe88ce0826a4ca4f189f03b4b84","20","2","10.00","4.00"
"08d2d642cf72b622b14dde1d2f5eb2f5","20","2","10.00","1.00"
"d3674f271c91f824f82d24d92011f669","20","2","10.00","5.50"
"42b729f859728f5079499127a9c2ef37","131","13","9.92","7.85"
"3df020b72d3d44b3af9d110fa3940b65","101","10","9.90","3.90"
"527801b552d0077ffd170872eb49683b","92","9","9.78","6.89"
"4a3ca9315b744ce9f8e9374361493884","1949","189","9.70","11.05"
"e9bc59e7b60fc3063eb2290deda4cced","260","25","9.62","8.04"
"23d7c96d4a1160db1c726b248601b25a","52","5","9.62","4.00"
"6b3bd31ad8fcda4b2635ec9f3ff2ecdf","42","4","9.52","14.25"
"ef2fbc2b607d8492bcffe657a4645434","21","2","9.52","2.00"
"52f0fe436a347ddad7ed5f9aa4e27eaa","21","2","9.52","11.50"
"4e17c65a516f69d023a2ae78b84f28d6","74","7","9.46","14.00"
"f0b47fbbc6dee9aafe415a6e33051b3f","85","8","9.41","2.75"
"e9d99831abad74458942f21e16f33f92","149","14","9.40","11.71"
"165fc07beebdcb6190fba8a06db2a449","64","6","9.38","11.67"
"7b0df942f46435babab05d49b744b2c4","32","3","9.38","3.67"
"f62d7bb4a613ec758a03342d46b580b2","32","3","9.38","5.33"
"e38db885400cd35c71dfd162f2c1dbcf","32","3","9.38","2.00"
"2745f798279e0ed033addcc1474776d7","32","3","9.38","9.67"
"2d50d6282f8aa2257819a77bfaa0efe0","43","4","9.30","9.75"
"dd533b429f380718b70ad9922c294bae","43","4","9.30","15.00"
"70a12e78e608ac31179aea7f8422044b","323","30","9.29","8.33"
"f84a00e60c73a49e7e851c9bdca3a5bb","97","9","9.28","13.44"
"a888faf2d1baececa6baf9c3d603ee1f","54","5","9.26","8.80"
"aac29b1b99776be73c3049939652091d","131","12","9.16","26.50"
"fa1c13f2614d7b5c4749cbc52fecda94","579","53","9.15","10.89"
"5343d0649eca2a983820bfe93fc4d17e","110","10","9.09","5.50"
"f125f3a310c2e5f822d116147de1e474","22","2","9.09","19.00"
"1c40343cc5d18c2d8248ac2f3366de34","22","2","9.09","1.00"
"6b536a23086fba0d58c08d68814397f6","22","2","9.09","21.00"
"13d058e4eeac2ce8217660b2f8a05812","22","2","9.09","9.00"
"bc47d5d1490df2b36add65d733eafaba","22","2","9.09","5.50"
"f4db9b37944bcb8873e6b456ee190bbf","22","2","9.09","3.00"
"784ba75dd9d20200c4caed3d7a77141a","22","2","9.09","5.00"
"373ee4a3a775a733770ca3f790b8b9ac","22","2","9.09","14.00"
"3d5d0dc7073a299e31fa718ce1bc00b6","22","2","9.09","1.00"
"f84fa566034f5e8e880a07ec624c56af","100","9","9.00","7.33"
"8648b1e89e9b349e32d3741b30ec737e","100","9","9.00","6.11"
"634964b17796e64304cadf1ad3050fb7","323","29","8.98","11.79"
"4e922959ae960d389249c378d1c939f5","446","40","8.97","7.05"
"cfb1a033743668a192316f3c6d1d2671","179","16","8.94","5.75"
"77530e9772f57a62c906e1c21538ab82","381","34","8.92","10.82"
"1835b56ce799e6a4dc4eddc053f04066","551","49","8.89","9.06"
"7c67e1448b00f6e969d365cea6b010ab","1355","120","8.86","10.90"
"23613d49c3ac2bd302259e55c06c050c","79","7","8.86","9.00"
"d13e50eaa47b4cbe9eb81465865d8cfc","68","6","8.82","2.00"
"d5ba419e26d246a0719437cf37d9b46d","34","3","8.82","13.00"
"5c6d4016c2a288f074fa0848a2b653d2","34","3","8.82","4.00"
"6a0cbc8af2e8abd1bdfb777943d174c6","34","3","8.82","16.67"
"93dc87703c046b603023e75222018b45","34","3","8.82","47.33"
"d1ef48b38baca7e831711c4a0aeb398f","34","3","8.82","2.00"
"0dd184061fb0eaa7ca37932c68ab91c5","193","17","8.81","13.12"
"7d76b645482be4a332374e8223836592","183","16","8.74","9.56"
"ececbfcff9804a2d6b40f589df8eef2b","103","9","8.74","9.00"
"db2956745b3a8e9f3785c99f34b5d25e","46","4","8.70","6.75"
"f615fe7efbef0f4f08fd3086bc7a3e60","23","2","8.70","6.00"
"7f2617c58d5d06806987308b45654351","23","2","8.70","3.50"
"6d988d6174a2c27441597174f8905515","23","2","8.70","13.50"
"b18871c324516afa228a13e8f1ef0ae9","23","2","8.70","2.00"
"8b321bb669392f5163d04c59e235e066","1005","87","8.66","9.36"
"b14db04aa7881970e83ffa9426897925","105","9","8.57","9.11"
"fe2032dab1a61af8794248c8196565c9","305","26","8.52","13.54"
"5d0363b33554b373851fc1622e4d5f3c","94","8","8.51","10.88"
"4c2b230173bb36f9b240f2b8ac11786e","343","29","8.45","8.66"
"522620dcb18a6b31cd7bdf73665113a9","178","15","8.43","8.53"
"ea8482cd71df3c1969d7b9473ff13abc","1188","100","8.42","8.10"
"76d5af76d0271110f9af36c92573f765","155","13","8.39","4.77"
"a3e9a2c700480d9bb01fba070ba80a0e","143","12","8.39","6.75"
"620c87c171fb2a6dd6e8bb4dec959fc6","778","65","8.35","10.68"
"218d46b86c1881d022bce9c68a7d4b15","420","35","8.33","12.57"
"ce7d1888639e6fb06b2749cbfdac1ff7","84","7","8.33","15.43"
"26d8a1c7c75d513045798992ead43aa2","36","3","8.33","13.00"
"0afccdb8a34ee5c79f7c06faf2b4d56e","24","2","8.33","8.50"
"cfe94489ddd337d1e29e12f2a7205d10","24","2","8.33","5.00"
"e7df4cd29ab5abab70fb0783ddb53987","24","2","8.33","7.50"
"977f9f63dd360c2a32ece2f93ad6d306","24","2","8.33","7.00"
"39d54ff918774174706fb065d7f9dc07","24","2","8.33","3.00"
"8cc6a0e5738e61a87b03c78b2ba9db4b","24","2","8.33","53.00"
"1d8dbc4f32378d715c717c1c1fc57bae","97","8","8.25","17.88"
"1336efc61c316ddf92c899eb817f7cae","85","7","8.24","8.71"
"17f51e7198701186712e53a39c564617","61","5","8.20","7.60"
"f27e33c6d29b5138fa9967bcd445b6d5","98","8","8.16","7.25"
"ef506c96320abeedfb894c34db06f478","332","27","8.13","11.63"
"f181738b150df1f37cb0bd72e705b193","37","3","8.11","11.67"
"7ddcbb64b5bc1ef36ca8c151f6ec77df","334","27","8.08","12.15"
"9c0e69c7bf2619675bbadf47b43f655a","200","16","8.00","32.19"
"6f892e20a171e98efe17fdb971ff319b","50","4","8.00","9.50"
"fb89df7f89fd1b8f03fa2acca1ba7364","25","2","8.00","7.50"
"d51e0a403fe2e689ece6c73359d96e12","25","2","8.00","3.50"
"a36b125ac6d5fdbc7f50de85c9157bdc","25","2","8.00","3.50"
"198c7ea11960a9844b544d9bcdca860c","25","2","8.00","9.50"
"8581055ce74af1daba164fdbd55a40de","426","34","7.98","11.09"
"729f06993dac8e860d4f02d7088ca48a","113","9","7.96","11.67"
"37515688008a7a40ac93e3b2e4ab203f","239","19","7.95","10.63"
"cbd996ad3c1b7dc71fd0e5f5df9087e2","189","15","7.94","14.33"
"058fd0aa2bfdb2274e05e1ae971dabb6","63","5","7.94","10.00"
"391fc6631aebcf3004804e51b40bcf1e","605","48","7.93","9.13"
"9646c3513289980f17226a2fc4720dbd","76","6","7.89","8.33"
"7681ef142fd2c19048da7430856b5588","76","6","7.89","13.00"
"16090f2ca825584b5a147ab24aa30c86","406","32","7.88","9.88"
"715bbd5ba4e6b74cb0d2f29eb45058b0","64","5","7.81","9.00"
"1f50f920176fa81dab994f9023523100","1926","150","7.79","10.47"
"ce248b21cb2adc36282ede306b7660e5","65","5","7.69","13.20"
"78c99c6dff4eeae5be99bf635ed21e3f","39","3","7.69","19.00"
"4559697a8f7e637227c2eeaed843baff","39","3","7.69","3.00"
"daeb5653dd96c1b11860f72209795012","39","3","7.69","14.33"
"8090490573c6c0aa343a7231ebcb8c86","26","2","7.69","20.00"
"00720abe85ba0859807595bbf045a33b","26","2","7.69","9.50"
"f61c63d13f7cd800549d5acdd390ae72","26","2","7.69","5.00"
"04308b1ee57b6625f47df1d56f00eedf","92","7","7.61","12.86"
"6a8b085f816a1f75f92dbac6eb545f8f","133","10","7.52","25.00"
"54a1852d1b8f10312c55e906355666ee","202","15","7.43","13.47"
"624f4ece8da4aafb77699233d480f8ef","54","4","7.41","7.25"
"271c58a1d139c45eaf3316107c6d3a3b","27","2","7.41","5.50"
"e5e33c0d8e7e002f398f5dc4cbbb338f","27","2","7.41","14.00"
"df560393f3a51e74553ab94004ba5c87","27","2","7.41","20.50"
"8d79c8a04e42d722a75097ce5cbcf2ef","27","2","7.41","55.00"
"fcdd820084f17e9982427971e4e9d47f","27","2","7.41","7.00"
"7901646fdd36a55f564ffaf2dbccaaf7","27","2","7.41","4.50"
"213b25e6f54661939f11710a6fddb871","190","14","7.37","6.57"
"f262cbc1c910c83959f849465454ddd3","204","15","7.35","6.47"
"e59aa562b9f8076dd550fcddf0e73491","82","6","7.32","9.33"
"17e34d8224d27a541263c4c64b11a56b","260","19","7.31","11.95"
"e24fc9fcd865784fb25705606fe3dfe7","55","4","7.27","15.25"
"e5a38146df062edaf55c38afa99e42dc","124","9","7.26","15.22"
"a420f60ff1aa9acc80d0e42959f2b313","69","5","7.25","14.80"
"c9c7905cffc4ef9ff9f113554423e671","139","10","7.19","10.60"
"ef0ace09169ac090589d85746e3e036f","139","10","7.19","15.20"
"7040e82f899a04d1b434b795a43b4617","223","16","7.17","7.81"
"70c27847eca8195c983ed7e798c56743","98","7","7.14","6.29"
"6860153b69cc696d5dcfe1cdaaafcf62","84","6","7.14","12.67"
"d673a59aac7a70d8b01e6902bf090a11","84","6","7.14","13.33"
"c847e075301870dd144a116762eaff9a","42","3","7.14","61.33"
"b8555308bfdb4ca1ed54325a58da9a97","28","2","7.14","4.50"
"edf96ef93ed595084bbcbd9224bd2894","28","2","7.14","4.00"
"c826c40d7b19f62a09e2d7c5e7295ee2","365","26","7.12","8.69"
"66922902710d126a0e7d26b0e3805106","155","11","7.10","5.82"
"c8b0e2b0a7095e5d8219575d5e7e1181","85","6","7.06","5.83"
"f214d28e8d8e3ef068748498ccc2f813","57","4","7.02","7.75"
"7142540dd4c91e2237acb7e911c4eba2","328","23","7.01","10.52"
"dc8798cbf453b7e0f98745e396cc5616","43","3","6.98","6.00"
"6fc26fe110feebd80a433e1f012a84f9","72","5","6.94","6.20"
"edb1ef5e36e0c8cd84eb3c9b003e486d","174","12","6.90","13.75"
"6e386f64c84e482f0b9abf960797ee1b","29","2","6.90","6.00"
"f7ccf836d21b2fb1de37564105216cc1","73","5","6.85","14.00"
"4a3ccda38b2129705f3fb522db62ca31","73","5","6.85","15.20"
"e8f6dc8e6a1dcde89d20e3995c8d90b3","44","3","6.82","7.67"
"02f623a8eb246f3c5f7c2f96462654e6","44","3","6.82","11.33"
"1ce3ae5a399804d1a87e706f8a813c3e","44","3","6.82","6.67"
"48436dade18ac8b2bce089ec2a041202","147","10","6.80","18.20"
"f5a590cf36251cf1162ea35bef76fe84","118","8","6.78","13.50"
"3b15288545f8928d3e65a8f949a28291","118","8","6.78","9.25"
"de23c3b98a88888289c6f5cc1209054a","178","12","6.74","8.75"
"1025f0e2d44d7041d6cf58b6550e0bfa","1420","95","6.69","7.06"
"bd0389da23d89b726abf911cccc54596","90","6","6.67","20.33"
"c013e57c075a06e5b5c48ee03c525719","45","3","6.67","6.00"
"31da954dc0855f2495c6310f70a2f931","30","2","6.67","6.50"
"ffc470761de7d0232558ba5e786e57b7","30","2","6.67","8.00"
"2a6fbeaa7ab9e5d59a35841a8da71ce4","30","2","6.67","14.50"
"6a8a889bde935bafa76d7848782dfaf9","30","2","6.67","13.00"
"411f3b52d857390502ee4e4d5ceabc2d","30","2","6.67","17.00"
"17306570e772e7718c92a562d33f5f1d","30","2","6.67","5.50"
"dc4a0fc896dc34b0d5bfec8438291c80","242","16","6.61","10.38"
"f45122a9ab94eb4f3f8953578bc0c560","197","13","6.60","11.31"
"e067ad2c1c0b48758eb1b5228bcf7a68","61","4","6.56","9.50"
"aba1721a889e04decc910aa13b768ef4","92","6","6.52","4.67"
"ad420dd0c4f92f8af951ac24b86d0cf5","46","3","6.52","64.67"
"1900267e848ceeba8fa32d80c1a5f5a8","523","34","6.50","9.65"
"d6b1ce66b035a475f00c017792ff9769","108","7","6.48","6.71"
"955fee9216a65b617aa5c0531780ce60","1472","95","6.45","7.92"
"7e3f87d16fb353f408d467e74fbd8014","93","6","6.45","13.17"
"8a130737016f838139d31878787a39c9","62","4","6.45","3.25"
"2bf6a2c1e71bbd29a4ad64e6d3c3629f","31","2","6.45","11.00"
"157c3e4b42f81ac4a44e8b1ca2fe9876","31","2","6.45","13.50"
"6a51fc556dab5f766ced6fbc860bc613","31","2","6.45","9.50"
"b335c59ab742f751a85db9c411a86739","31","2","6.45","8.00"
"e06f09ec0a4aca210779cf1cfc63cf19","31","2","6.45","9.50"
"da8622b14eb17ae2831f4ac5b9dab84a","1548","99","6.40","10.85"
"00ee68308b45bc5e2660cd833c3f81cc","172","11","6.40","11.18"
"f80edd2c5aaa505cc4b0a3b219abf4b8","125","8","6.40","5.25"
"c9aafcd0621b2207c10e32c649cada4d","47","3","6.38","2.00"
"ccc4bbb5f32a6ab2b7066a4130f114e3","189","12","6.35","17.58"
"5b925e1d006e9476d738aa200751b73b","63","4","6.35","15.00"
"82e0a475a88cc9595229d8029273f045","79","5","6.33","47.20"
"6d66611d7c44cc30ce351abc49a68421","174","11","6.32","6.27"
"3be634553519fb6536a03e1358e9fdc7","95","6","6.32","4.67"
"4371b634e0efc0e22b09b52907d9d469","111","7","6.31","7.00"
"b2ba3715d723d245138f291a6fe42594","350","22","6.29","9.59"
"0be8ff43f22e456b4e0371b2245e4d01","175","11","6.29","7.73"
"d1c281d3ae149232351cd8c8cc885f0d","239","15","6.28","8.27"
"70eea00b476a314817cefde4aad4f89a","112","7","6.25","10.57"
"d05ae8f7a5bd1d2a690a44cd079e4e27","80","5","6.25","12.80"
"96493fab2fbb13a14d0c0e8772eef5c3","64","4","6.25","2.00"
"8e8a7ce9f2f970dc00e2acf6f6e199f6","64","4","6.25","7.50"
"1da366cade6d8276e7d8beea7af5d4bf","48","3","6.25","6.33"
"382229d1e840115ffe3dbf5ff460e417","48","3","6.25","4.00"
"d4e12e7884759a14fa0f5f896c791cae","32","2","6.25","4.50"
"cd6efc47efaabf134f8bdb654e10b4f1","32","2","6.25","5.50"
"e9779976487b77c6d4ac45f75ec7afe9","738","46","6.23","12.76"
"f4aba7c0bca51484c30ab7bdc34bcdd1","115","7","6.09","6.29"
"7a241947449cc45dbfda4f9d0798d9d0","66","4","6.06","5.25"
"834f3294fba9f932f56edc879193f925","66","4","6.06","7.00"
"6d803cb79cc31c41c4c789a75933b3c7","66","4","6.06","12.00"
"25c5c91f63607446a97b143d2d535d31","266","16","6.02","7.31"
"1bb2bdb95f4841f1bba2c0d2cd83d3c9","83","5","6.02","7.40"
"9b00ed88b7fdb95d6ff76e27c1b52d16","50","3","6.00","5.33"
"1554a68530182680ad5c8b042c3ab563","267","16","5.99","18.13"
"2e1c9f22be269ef4643f826c9e650a52","167","10","5.99","8.60"
"4c18691b6037662be2df78a765d98ab5","67","4","5.97","6.25"
"5656537e588803a555b8eb41f07a944b","185","11","5.95","9.18"
"004c9cd9d87a3c30c522c48c4fc07416","168","10","5.95","10.90"
"8a32e327fe2c1b3511609d81aaf9f042","169","10","5.92","1.10"
"4b9750c8ad28220fe6702d4ecb7c898f","221","13","5.88","14.69"
"7ea5bfa6c340f58f8e71fc1f0412b0d6","102","6","5.88","30.67"
"dfc5fb7259bb2b599ca565e6e9448f0f","34","2","5.88","15.00"
"951e8cef368f09bb3f3d03c00ca4702c","69","4","5.80","6.25"
"827f8f69dfa529c561901c4f2e0f332f","104","6","5.77","9.50"
"8d956fec2e4337affcb520f56fd8cbfd","227","13","5.73","5.69"
"b4a476fbd28de64b1e347abf9089366a","35","2","5.71","5.50"
"3c7c4a49ec3c6550809089c6a2ca9370","158","9","5.70","14.11"
"f457c46070d02cadd8a68551231220dd","230","13","5.65","10.62"
"59fb871bf6f4522a87ba567b42dafecf","125","7","5.60","4.86"
"8e6cc767478edae941d9bd9eb778d77a","108","6","5.56","11.67"
"2a7dc43cecabf23403078e2188437d1d","54","3","5.56","6.33"
"5b179e9e8cc7ab6fd113a46ca584da81","36","2","5.56","3.50"
"99002261c568a84cce14d43fcffb43ea","36","2","5.56","7.00"
"46dc3b2cc0980fb8ec44634e21d2718e","523","29","5.54","9.72"
"3d871de0142ce09b7081e2b9d1733cb1","1131","62","5.48","9.73"
"4992e76a42cb3aad7a7047e0d3d7e729","73","4","5.48","4.00"
"5f2684dab12e59f83bef73ae57724e45","73","4","5.48","14.75"
"1127b7f2594683f2510f1c2c834a486b","128","7","5.47","7.86"
"dd2bdf855a9172734fbc3744021ae9b9","110","6","5.45","10.33"
"994f04b3718c2bab35c2adfa8afecd2a","55","3","5.45","43.00"
"17a053fcb14bd219540cbde0df490be0","148","8","5.41","10.88"
"3ab971ce71839580d2ae5b4e40fe8044","37","2","5.41","2.50"
"01fdefa7697d26ad920e9e0346d4bd1b","130","7","5.38","5.43"
"09f952a5f58d2285b0372551ae8f9b01","56","3","5.36","22.33"
"d650b663c3b5f6fb392b6326366efa9a","57","3","5.26","9.33"
"45ba18c210d42734ec52c0c1c574e9ee","38","2","5.26","1.50"
"63b464dbf392c7b80d12d932fa7cafed","38","2","5.26","15.00"
"bf84056e679dbe9c69929847a40e338f","38","2","5.26","25.50"
"ba90964cff9b9e0e6f32b23b82465f7b","38","2","5.26","4.50"
"5dceca129747e92ff8ef7a997dc4f8ca","343","18","5.25","8.56"
"bfd27a966d91cfaafdb25d076585f0da","115","6","5.22","7.67"
"7a67c85e85bb2ce8582c35f2203ad736","1155","60","5.19","12.70"
"1f9ab4708f3056ede07124aad39a2554","77","4","5.19","13.00"
"d9a84e1403de8da0c3aa531d6d108ba6","58","3","5.17","10.33"
"dc317f341ab0e22f39acbd9dbf9b4a1f","58","3","5.17","20.00"
"45d33f715e24d15a6ccf5c17b3a23e3c","58","3","5.17","11.67"
"08633c14ef2db992c11f840f04fad4cd","97","5","5.15","7.60"
"001cca7ae9ae17fb1caed9dfb1094831","234","12","5.13","12.08"
"a17f621c590ea0fab3d5d883e1630ec6","78","4","5.13","6.50"
"b94cc9f10ddc85e4ba73a6f7974e7101","39","2","5.13","6.00"
"cc419e0650a3c5ba77189a1882b7556a","1719","88","5.12","7.85"
"6560211a19b47992c3666cc44a7e94c0","1996","102","5.11","7.55"
"c70c1b0d8ca86052f45a432a38b73958","336","17","5.06","7.18"
"b6d44737c043328708f6749c2dbe50bd","79","4","5.06","4.50"
"f8db351d8c4c4c22c6835c19a46f01b0","714","36","5.04","6.94"
"fa40cc5b934574b62717c68f3d678b6d","337","17","5.04","12.88"
"c003204e1ab016dfa150abc119207b24","200","10","5.00","12.20"
"542917da124346b47ea1ac79a93ce454","20","1","5.00","3.00"
"33c51922b6e3c16b24a8f28e5833c99d","20","1","5.00","1.00"
"b4f8921fcc4ff77b66bea6dda43dcd51","20","1","5.00","1.00"
"3dbbce181edfaa4a597ec858c382d2ec","20","1","5.00","7.00"
"808d4348b916efa08e766ebad39f61eb","20","1","5.00","4.00"
"6288c69c4ce638e59925e59193f98b16","20","1","5.00","8.00"
"430315b7bb4b6e4b3c978f9dfa9b0558","20","1","5.00","8.00"
"67bf6941ba2f1fa1d02c375766bc3e53","20","1","5.00","20.00"
"9bcdfa7b615b3abb9461d9e3ad9886ae","20","1","5.00","7.00"
"8cbac7e12637ed9cffa18c7875207478","81","4","4.94","6.75"
"8f119a0aee85c0c8fc534629734e94fd","81","4","4.94","5.75"
"a1043bafd471dff536d0c462352beb48","752","37","4.92","9.70"
"d9bd94811c3338dceb4181f3dbc0c73e","61","3","4.92","20.00"
"fdb9095204a334cd8872252ffec6f2db","61","3","4.92","16.00"
"870d0118f7a9d85960f29ad89d5d989a","61","3","4.92","21.67"
"75fbb52eda0cbc24f479d3b2fbfa8d3e","41","2","4.88","6.50"
"43f8c9950d11ecd03a0304a49e010da6","41","2","4.88","7.00"
"ceaec5548eefc6e23e6607c5435102e7","206","10","4.85","11.20"
"d2374cbcbb3ca4ab1086534108cc3ab7","620","30","4.84","7.37"
"a2e874074c877c5a05abae80ad6e488f","42","2","4.76","7.00"
"31344c16881c08a8a72c6d2eb29918c1","42","2","4.76","22.00"
"e63e8bfa530fb16910dd6956e592bb81","42","2","4.76","5.00"
"83deb69e889cf80f82be1dc6d5f2d486","42","2","4.76","3.50"
"b56906f7fd1696e043f1bcce164c487b","42","2","4.76","16.00"
"af3ef48d0e13835e529c29ac573c63e5","21","1","4.76","4.00"
"3a734b715d333a2588a3d54a0c9b8746","21","1","4.76","13.00"
"66fd84ee7528c0c0de85d0f44a73d5ab","21","1","4.76","17.00"
"f97e2b0650c2068227e1d366140eb62f","21","1","4.76","16.00"
"eb5b6204dde3a6e03b5f1bb8479f055b","21","1","4.76","6.00"
"d03698c2efd04a549382afa6623e27fb","21","1","4.76","5.00"
"d25aa0aaacb370e912f8cf6efeba38b3","21","1","4.76","4.00"
"4830e40640734fc1c52cd21127c341d4","212","10","4.72","6.30"
"850f4f8af5ea87287ac68de36e29107f","191","9","4.71","7.22"
"53e4c6e0f4312d4d2107a8c9cddf45cd","512","24","4.69","13.63"
"18a349e75d307f4b4cc646a691ed4216","128","6","4.69","11.83"
"7e93a43ef30c4f03f38b393420bc753a","322","15","4.66","17.80"
"670c26e0f1bf8d0576271d5cfaec6d2b","86","4","4.65","33.00"
"3586b8580d9c917874e053a1bb37b5ff","43","2","4.65","20.00"
"44073f8b7e41514de3b7815dd0237f4f","151","7","4.64","5.43"
"01cf7e3d21494c41fb86034f2e714fa1","65","3","4.62","12.33"
"0c8380b62e38e8a1e6adbeba7eb9688c","218","10","4.59","23.60"
"05d2173d43ea568aa0540eba70d2ca76","66","3","4.55","24.00"
"c66dccfb3f109511246da627dd5a2498","44","2","4.55","4.00"
"c35672b10ad50968f567ea3f4b91e877","22","1","4.55","5.00"
"9dda5bbacd45e18d6485fee649205d09","22","1","4.55","16.00"
"412a4720f3e9431b4afa1476a1acddbe","22","1","4.55","56.00"
"d9442042130b7fe579d1295f9f4a248f","22","1","4.55","7.00"
"55f7a3319d80f7fdf078b8f03e6725fe","22","1","4.55","4.00"
"6aa3928696eab49a19a466e665a649fd","22","1","4.55","1.00"
"5670f4db5b62c43d542e1b2d56b0cf7c","22","1","4.55","2.00"
"e24d3429d294b2eb200b064ebb035879","22","1","4.55","8.00"
"ce616e1913288884e7742faac9d981db","22","1","4.55","4.00"
"503c1de08ae81a2d86f17951b204db55","22","1","4.55","25.00"
"cca3071e3e9bb7d12640c9fbe2301306","817","37","4.53","18.62"
"2138ccb85b11a4ec1e37afbd1c8eda1f","419","19","4.53","9.95"
"7d456afc660226829370f3173d14520c","89","4","4.49","19.50"
"41b39e28db005d9731d9d485a83b4c38","223","10","4.48","10.50"
"0adac9fbd9a2b63cccaac4f8756c1ca8","134","6","4.48","12.83"
"92eb0f42c21942b6552362b9b114707d","358","16","4.47","6.56"
"0241d4d5d36f10f80c644447315af0bd","246","11","4.47","8.91"
"5a8e7d5003a1f221f9e1d6e411de7c23","179","8","4.47","2.38"
"5f3ae9136c875522250f8184f253413a","45","2","4.44","3.00"
"276677b5d08786d5dce7c2149dcce48b","45","2","4.44","11.00"
"afe0067131b73e40875c9b6c10bd2e21","45","2","4.44","5.50"
"b32be1695eb7ec5f10f72d9610a12527","45","2","4.44","1.00"
"1b4c3a6f53068f0b6944d2d005c9fc89","115","5","4.35","12.00"
"4e06067cc08b3f41d837768d392c3ee3","46","2","4.35","28.00"
"e84ad2127668df3aafc6b73531a0beb8","23","1","4.35","8.00"
"343e716476e3748b069f980efbaa294e","23","1","4.35","2.00"
"7c5b05cbdb5542049f38d90d7815b97d","23","1","4.35","7.00"
"82bd0703a4aefd6b599e5bfdaed378fb","23","1","4.35","6.00"
"4a1f694197d05fe70026b016a7316b41","23","1","4.35","1.00"
"f0837c8d71434931d9e38e7b79234797","23","1","4.35","9.00"
"9596c870880d900012f2e8e6e30d06d7","23","1","4.35","9.00"
"128639473a139ac0f3e5f5ade55873a5","554","24","4.33","9.42"
"79ebd9a61bac3eaf882805ed4ecfa12a","140","6","4.29","6.50"
"d50d79cb34e38265a8649c383dcffd48","70","3","4.29","19.00"
"dee656f0f566ed1aa85bd137c943f08f","94","4","4.26","14.75"
"dbb9b48c841a0e39e21f98e1a6b2ec3e","118","5","4.24","10.40"
"a3a38f4affed601eb87a97788c949667","260","11","4.23","15.45"
"2528513dd95219a6013d4d05176e391a","166","7","4.22","13.14"
"7299e27ed73d2ad986de7f7c77d919fa","358","15","4.19","8.93"
"6edacfd9f9074789dad6d62ba7950b9c","216","9","4.17","4.44"
"0509040ea3fe50071181bbc359eb7738","96","4","4.17","3.75"
"7b07b3c7487f0ea825fc6df75abd658b","96","4","4.17","17.50"
"066a6914e1ebf3ea95a216c73a986b91","72","3","4.17","43.33"
"81a1104df0f08b59c68aa5b03cfe398e","72","3","4.17","3.67"
"113e3a788b935f48aad63e1c41dac1bd","48","2","4.17","8.00"
"b39d7fe263ef469605dbb32608aee0af","48","2","4.17","6.50"
"0d33a55da925bbf1ff02af5f6059fc7f","24","1","4.17","5.00"
"04e38a233f726ef161074ab1c9b0399a","24","1","4.17","20.00"
"e99e927c81e3f51739c94fcdfca9f10f","24","1","4.17","13.00"
"a5a1bfcf728ab0e19182959cf0771ee4","24","1","4.17","56.00"
"db4350fd57ae30082dec7acbaacc17f9","145","6","4.14","6.33"
"87142160b41353c4e5fca2360caf6f92","339","14","4.13","8.21"
"1c129092bf23f28a5930387c980c0dfc","219","9","4.11","6.33"
"0c7533c71df861ec58ad7ff999ed0e8d","73","3","4.11","11.00"
"813348c996469b40f2e028d5429d3495","195","8","4.10","9.13"
"f789d2c4f2c2eb38fc4373e7a4b35264","49","2","4.08","2.00"
"e333046ce6517bd8bb510291d44f0130","74","3","4.05","8.33"
"dbd66278cbfe1aa1000f90a217ca4695","99","4","4.04","2.50"
"9d4db00d65d7760644ac0c14edb5fd86","99","4","4.04","8.75"
"688756f717c462a206ad854c5027a64a","99","4","4.04","7.75"
"1da3aeb70d7989d1e6d9b0e887f97c23","324","13","4.01","8.31"
"7dc8c42cc750eeafea6c85712ffee9bf","50","2","4.00","6.00"
"25cf099de44674fde97473224f9d59ab","50","2","4.00","5.00"
"cb3dd9ce66268c7a3ca7241ac70ab58c","50","2","4.00","25.50"
"a938325a4b357fd23a6a4d5bb126408e","25","1","4.00","15.00"
"df56d7b40d437f88407c5f78b63bc328","25","1","4.00","47.00"
"b83cedfb587e7911540e3f576d6917ce","25","1","4.00","4.00"
"1fe5540d7c1c37a595fefbacd5570d9e","25","1","4.00","5.00"
"7008613ea464bad5cb9b83456e1e6a8f","152","6","3.95","8.00"
"94144541854e298c2d976cb893b81343","76","3","3.95","10.00"
"abcd2cb37d46c2c8fb1bf071c859fc5b","51","2","3.92","9.00"
"c33847515fa6305ce6feb1e818569f13","128","5","3.91","6.80"
"080102cd0a76b09e0dcf55fcacc60e05","128","5","3.91","6.00"
"f7720c4fa8e3aba4546301ab80ea1f1b","77","3","3.90","16.00"
"4d6d651bd7684af3fffabd5f08d12e5a","389","15","3.86","9.53"
"cd06602b43d8800bd0afad514919d35c","52","2","3.85","15.50"
"cea729054f157f5870bdd321a958d994","26","1","3.85","1.00"
"10076e5788b8ee532724bcd460baf762","26","1","3.85","14.00"
"ccf8813e5a7d6c84d865cd38bfc2b130","26","1","3.85","8.00"
"f7496d659ca9fdaf323c0aae84176632","26","1","3.85","3.00"
"af4a0e4cfe1d9c26b6712b1be25a72e5","26","1","3.85","7.00"
"ed4311e67debd72b8610a5347a743087","26","1","3.85","4.00"
"a3f0b55de503387383c7b1de3ad7f678","26","1","3.85","11.00"
"730937bf88cb151eb2eb849f642fc213","26","1","3.85","2.00"
"aafe36600ce604f205b86b5084d3d767","131","5","3.82","11.60"
"d91fb3b7d041e83b64a00a3edfb37e4f","525","20","3.81","5.05"
"669ae81880e08f269a64487cfb287169","185","7","3.78","13.00"
"0691148aee60ca47977c187804f935ae","53","2","3.77","38.00"
"7202e2ba20579a9bd1acb29e61fe71f6","53","2","3.77","7.50"
"9f505651f4a6abe901a56cdc21508025","426","16","3.76","11.31"
"00fc707aaaad2d31347cf883cd2dfe10","135","5","3.70","6.80"
"9de4643a8dbde634fe55621059d92273","81","3","3.70","14.00"
"20d83f3ef0e6925fd74bfd59170babf7","54","2","3.70","4.00"
"093805f8f2aeb63881444571e1f48f30","27","1","3.70","7.00"
"1dc2de47ee26a0a5b12dc14fd6dc0dea","27","1","3.70","1.00"
"640e21a7d01df7614a3b4923e990d40c","136","5","3.68","25.60"
"282f23a9769b2690c5dda22e316f9941","109","4","3.67","9.25"
"710e3548e02bc1d2831dfc4f1b5b14d4","137","5","3.65","9.80"
"0db783cfcd3b73998abc6e10e59a102f","137","5","3.65","13.80"
"2dee2ce60de9709b1a24083217181a1f","55","2","3.64","4.00"
"eeb6de78f79159600292e314a77cbd18","83","3","3.61","33.33"
"701938c450705b8ae65fc923b70f35c7","111","4","3.60","15.25"
"a7f13822ceb966b076af67121f87b063","84","3","3.57","57.00"
"750303a20e9c56b2a6bc45cdce0b897d","56","2","3.57","29.50"
"52d76513f0c4d97f3b99570e2c94ee31","28","1","3.57","3.00"
"38e679b9e0064cd94c6f035707344dae","28","1","3.57","14.00"
"d624126b9206f595fb3fbb6ba03b28a8","28","1","3.57","12.00"
"2e13c71026e1a39ba5cc1b86dcb679aa","28","1","3.57","7.00"
"e8b3a3a38279a82f0e5d006d5e5b7d2c","85","3","3.53","9.00"
"ebd2d60905fb58271facef5596b620d3","85","3","3.53","55.00"
"537eb890efff034a88679788b647c564","171","6","3.51","8.33"
"1c68394e931a64f90ea236c5ea590300","171","6","3.51","21.67"
"1a3df491d1c4f1589fc2b934ada68bf2","171","6","3.51","6.67"
"30a2f535bb48308f991d0b9ad4a8c4bb","87","3","3.45","6.67"
"3bdff180c7e1f6551a643b99c265a120","58","2","3.45","8.00"
"376a891762bbdecbc02b4b6adec3fdda","58","2","3.45","6.50"
"c864036feaab8c1659f65ea4faebe1da","58","2","3.45","11.50"
"5f5b43b2bffa8656e4bc6efeb13cc649","29","1","3.45","7.00"
"0bb738e4d789e63e2267697c42d35a2d","29","1","3.45","9.00"
"8fdca8e349553f99bc738833a62c8802","29","1","3.45","6.00"
"e883aa812c37a7413226856f4579fe91","29","1","3.45","1.00"
"d379f449f2a3b271bc01c0782020f705","29","1","3.45","16.00"
"4e7c18b98d84e05cbae3ff0ff03846c2","88","3","3.41","5.67"
"062ce95fa2ad4dfaedfc79260130565f","59","2","3.39","14.00"
"c6bda72e4dbf5c5866b13cb1810c6d03","59","2","3.39","22.00"
"6b243f80ed07b10f0e8aa0f21a205f3c","89","3","3.37","13.67"
"0b90b6df587eb83608a64ea8b390cf07","209","7","3.35","8.43"
"729b2d09b2a0bdab221076327f13d050","60","2","3.33","8.00"
"05ff92fedb5be47920fea08e501238b9","60","2","3.33","14.00"
"06df0c10d34e459d9672bc77388742eb","30","1","3.33","4.00"
"5b67882648febfb6e1225e6ad7164f6b","30","1","3.33","9.00"
"974cf2cb8f4b7add98709c30df02fe10","30","1","3.33","13.00"
"02f5837340d7eb4f653d676c7256523a","30","1","3.33","8.00"
"2199e7fe213c16213bf5d6a7eadc9a5d","30","1","3.33","4.00"
"1464afc72f696af775557a821c2e253f","30","1","3.33","27.00"
"3078096983cf766a32a06257648502d1","61","2","3.28","5.50"
"7178f9f4dd81dcef02f62acdf8151e01","215","7","3.26","6.57"
"72c5da29406b4234927b81855e7b64f6","31","1","3.23","14.00"
"30829ded4523ab9224b93bc49a62c95f","31","1","3.23","7.00"
"95ec4458365c4d11f452ccf538377619","31","1","3.23","2.00"
"4917cee8d902e13428c3ec4b1ca6f315","31","1","3.23","13.00"
"f00e21b1e91a79653163b7fd8f293ff1","31","1","3.23","32.00"
"36a968b544695394e4e9d7572688598f","156","5","3.21","4.20"
"2ff97219cb8622eaf3cd89b7d9c09824","94","3","3.19","15.00"
"de722cd6dad950a92b7d4f82673f8833","377","12","3.18","7.75"
"9b013e03b2ab786505a1d3b5c0756754","220","7","3.18","8.57"
"febab0275244b9a49a623f0bd613ca2f","126","4","3.17","3.75"
"e7d5b006eb624f13074497221eb37807","63","2","3.17","7.50"
"95e03ca3d4146e4011985981aeb959b9","190","6","3.16","21.00"
"ff063b022a9a0aab91bad2c9088760b7","96","3","3.13","3.00"
"cce6ab8d1682639fe45ab70234f1665f","64","2","3.13","6.00"
"5d3bb11474a06bdc23fb9e89f1164ee0","32","1","3.13","8.00"
"4ebdc7e6cd6102a022dadc49156d4ea8","32","1","3.13","5.00"
"33576ec5412fb5905d876f12f33bfde6","32","1","3.13","5.00"
"95f83f51203c626648c875dd41874c7f","65","2","3.08","2.50"
"1838dd9b8977065acf51d95e0053ea7a","65","2","3.08","2.00"
"80e6699fe29150b372a0c8a1ebf7dcc8","98","3","3.06","10.00"
"6061155addc1e54b4cfb51c1c2a32ad8","33","1","3.03","2.00"
"2b1a40c1daabc6ca280c4b815c101841","33","1","3.03","5.00"
"3c487ae8f8d7542beff5788e2e0aea83","33","1","3.03","15.00"
"562fc2f2c2863ab7e79a9e4388a58a14","265","8","3.02","10.50"
"53243585a1d6dc2643021fd1853d8905","400","12","3.00","9.92"
"b76dba6c951ab00dc4edf0a1aa88037e","167","5","2.99","10.00"
"aced59e9b31ef866a94f9e7f29d8d418","67","2","2.99","9.00"
"966cb4760537b1404caedd472cc610a5","67","2","2.99","1.50"
"ea67327e24487bdfac5fbfa37ea124df","34","1","2.94","18.00"
"575df70bde3f9f2b30bf8d2e9910d725","34","1","2.94","5.00"
"18e694e0e48ed6f7aa3f24aade5fd697","34","1","2.94","1.00"
"76d64c4aca3a7baf218bf93ef7fa768d","69","2","2.90","7.00"
"1e8b33f18b4f7598d87f5cbee2282cc2","139","4","2.88","3.00"
"fcb5ace8bcc92f75707dc0f01a27d269","70","2","2.86","18.00"
"b92e3c8f9738272ff7c59e111e108d7c","70","2","2.86","8.50"
"8bd0f31cf0a614c658f6763bd02dea69","35","1","2.86","8.00"
"240b9776d844d37535668549a396af32","35","1","2.86","16.00"
"c8417879a15366a17c30af34c798c332","35","1","2.86","1.00"
"232a6014e7b10cba61c6c2b2ea6bb4b0","35","1","2.86","6.00"
"fde0cc9ea29c8ccfc0a2c22256a58c71","35","1","2.86","7.00"
"7722b1df1b0e383e000397b2c11e3e19","144","4","2.78","4.00"
"c8b3445d737de6befde0c88ede534a5e","36","1","2.78","6.00"
"b839e41795b7f3ad94cc2014a52f6796","36","1","2.78","9.00"
"3c4e0452bff7a2a788179488d3d77032","36","1","2.78","31.00"
"1771297ac436903d1dd6b0e9279aa505","36","1","2.78","3.00"
"d94a40fd42351c259927028d163af842","109","3","2.75","2.67"
"116ccb1a1604bc88e4d234a8c23f33de","73","2","2.74","1.00"
"aaed1309374718fdd995ee4c58c9dfcd","111","3","2.70","3.67"
"a3dd39f583bc80bd8c5901c95878921e","37","1","2.70","2.00"
"98dac6635aee4995d501a3972e047414","190","5","2.63","2.00"
"32b8764b4ef628b53608fc34011fcc13","38","1","2.63","1.00"
"4b5f66b7adcf57f1ecc0d3c07dd6b177","38","1","2.63","20.00"
"594f9aaa48e5bf431f011ddc5669b0d5","38","1","2.63","3.00"
"bacb1f0ed56ad24198f5810d2b3fe9a5","38","1","2.63","4.00"
"cc5a78bbad32776dc4e3af205218368c","38","1","2.63","5.00"
"25e6ffe976bd75618accfe16cefcbd0d","115","3","2.61","11.00"
"9e6229250fedbe05838fef417b74e7fb","77","2","2.60","3.50"
"5f1dc28029d2c244352a68107ec2b542","78","2","2.56","7.00"
"d23019c84ffae2d5ef2270367b8605fc","39","1","2.56","22.00"
"96804ea39d96eb908e7c3afdb671bb9e","39","1","2.56","7.00"
"01fd077212124329bac32490e8ef80d9","39","1","2.56","9.00"
"42bde9fef835393bb8a8849cb6b7f245","39","1","2.56","7.00"
"37be5a7c751166fbc5f8ccba4119e043","278","7","2.52","9.14"
"2a84855fd20af891be03bc5924d2b453","159","4","2.52","25.00"
"709e16e2b25c7474d980076c6bfc4806","80","2","2.50","6.50"
"4bfc7a4a1cf8d4d2121c27422d9e50b5","40","1","2.50","8.00"
"d1b65fc7debc3361ea86b5f14c68d2e2","40","1","2.50","1.00"
"b4ffb71f0cb1b1c3d63fad021ecf93e1","164","4","2.44","8.25"
"516e7738bd8f735ac19a010ee5450d8d","82","2","2.44","4.50"
"66dc1b1632bd6a3e508510c5b3492107","41","1","2.44","5.00"
"1d4587203296c8f4ad134dc286fa6db0","41","1","2.44","24.00"
"55a5b51f93f2b70ea513f5a047b0262a","41","1","2.44","7.00"
"dbc22125167c298ef99da25668e1011f","417","10","2.40","11.60"
"4200ddf1967c5e41e48db62bc6d4b5ac","42","1","2.38","4.00"
"3340ef1913fb70d28420f6ceb685c339","42","1","2.38","132.00"
"7f7b8245c336066a1f9933c359f11d77","43","1","2.33","10.00"
"9add47bf45ce8e8c7db6b9cf670b1e09","43","1","2.33","7.00"
"5a93f3ab0ef4c84ed5e1b5dbf23978bc","43","1","2.33","32.00"
"6481e96574816ead57975da2c0f6d80d","43","1","2.33","1.00"
"3f995f07c49d0d55a99d5c54957f7d81","43","1","2.33","8.00"
"58f1a6197ed863543e0136bdedb3fce2","43","1","2.33","12.00"
"bf3c6d2a28b2b5501e6c15448982dcc9","43","1","2.33","1.00"
"bd23da7354813347129d751591d1a6e2","87","2","2.30","20.50"
"0432ead42b6c8a0bdf68154add917fdf","87","2","2.30","9.00"
"817245bcc3badd82bbd222e0366951a6","44","1","2.27","14.00"
"d66c305afaec317ebee552073a674429","44","1","2.27","8.00"
"d98eec89afa3380e14463da2aabaea72","183","4","2.19","18.00"
"bccf933e006e9b94a6184af782963e77","46","1","2.17","5.00"
"381c83fdca332ea6afd896da20bf6e4a","46","1","2.17","5.00"
"85d9eb9ddc5d00ca9336a2219c97bb13","512","11","2.15","7.55"
"b8bc237ba3788b23da09c0f1f3a3288c","47","1","2.13","2.00"
"33a17d60c64393351ebf1ef860f4e0f2","47","1","2.13","18.00"
"3d8fa2f5b647373c8620330c4e077a9f","47","1","2.13","13.00"
"8bb48dc19fccaa8613b6229bf7f452a2","95","2","2.11","3.00"
"9674754b5a0cb32b638cec001178f799","95","2","2.11","4.50"
"4c03b9dd4c11ee2cb35c96c49efc9420","48","1","2.08","9.00"
"c68fb906c8f4b4b946d8386bfa6e5467","48","1","2.08","2.00"
"229c3efbfb0ea2058de4ccdfbc3d784a","145","3","2.07","13.33"
"efcd8d2104f1a05d028af7bad20d974b","50","1","2.00","6.00"
"ac3508719a1d8f5b7614b798f70af136","101","2","1.98","6.50"
"cab85505710c7cb9b720bceb52b01cee","204","4","1.96","15.25"
"e0a366315b1b726b6c7832d664c0f530","51","1","1.96","7.00"
"5cf13accae3222c70a9cac40818ae839","155","3","1.94","8.67"
"86ccac0b835037332a596a33b6949ee1","208","4","1.92","10.75"
"8a432f4e5b471f8da497d7dc517666e2","106","2","1.89","8.00"
"6c177e38df6d3f34182b1f1d427231bf","54","1","1.85","1.00"
"a5cba26a62b8b4d0145b68b841e62e7f","54","1","1.85","12.00"
"83e197e95a1bbabc8c75e883ed016c47","54","1","1.85","12.00"
"f680f85bee2d253556ac91be391d2c82","54","1","1.85","4.00"
"0ef83d7d83ed97cd2a0049ac8be5f88a","55","1","1.82","11.00"
"2a5b78b41cd05baeac8df54c6606b92c","56","1","1.79","4.00"
"138dbe45fc62f1e244378131a6801526","58","1","1.72","3.00"
"8c16d1f32a54d92897cc437244442e1b","118","2","1.69","9.00"
"1b8356dabde1d35e17cef975c3f82730","60","1","1.67","15.00"
"289cdb325fb7e7f891c38608bf9e0962","125","2","1.60","6.50"
"6c7d50c24b3ccd2fd83b44d8bb34e073","126","2","1.59","6.00"
"33a6f4b1e7cdc205511e76ba1b6e0186","126","2","1.59","10.50"
"609e1a9a6c2539919b8205cf7c4e6ff0","130","2","1.54","19.00"
"cb8bcce248bb1fb274ba762d8b971456","67","1","1.49","4.00"
"751bdc4d83a466c7206cd42e8f426b03","68","1","1.47","28.00"
"91f848e9f4be368f4318775aac733370","70","1","1.43","7.00"
"582d4f8675b945722eda7c0cb61ba4c7","71","1","1.41","3.00"
"e26901d5ab434ce92fd9b5c256820a4e","215","3","1.40","7.00"
"520b493b57809f446cb0a233bb3e25c7","73","1","1.37","15.00"
"ce27a3cc3c8cc1ea79d11e561e9bebb6","151","2","1.32","5.00"
"c3cfdc648177fdbbbb35635a37472c53","307","4","1.30","3.00"
"d921b68bf747894be13a97ae52b0f386","77","1","1.30","6.00"
"9d5a9018aee56acb367ba9c3f05d1d6a","78","1","1.28","4.00"
"6cd68b3ed6d59aaa9fece558ad360c0a","157","2","1.27","9.50"
"259f7b5e6e482c230e5bfaa670b6bb8f","162","2","1.23","10.00"
"080199a181c46c657dc5aa235411be3b","83","1","1.20","34.00"
"744dac408745240a2c2528fb1b6028f3","83","1","1.20","4.00"
"dfa0c4c6229ab200a4a1336b4d7128ff","86","1","1.16","22.00"
"0df3984f9dfb3d49ac6366acbd3bbb85","88","1","1.14","16.00"
"48162d548f5b1b11b9d29d1e01f75a61","89","1","1.12","14.00"
"725c32fa80c2faacc4fc88450d27314e","93","1","1.08","21.00"
"d12c926d74ceff0a90a21184466ce161","97","1","1.03","4.00"
"5c243662ce92d84573bfaff24c3e3700","100","1","1.00","6.00"
"530ec6109d11eaaf87999465c6afee01","101","1","0.99","5.00"
"822166ed1e47908f7cfb49946d03c726","108","1","0.93","10.00"
"612170e34b97004b3ba37eae81836b4c","110","1","0.91","1.00"
"17ca9b9e9b9ef8fdb529001b49ebb50f","128","1","0.78","10.00"
"0ea22c1cfbdc755f86b9b54b39c16043","265","2","0.75","8.50"
"12b9676b00f60f3b700e83af21824c0e","133","1","0.75","15.00"
"ca3bd7cd9f149df75950150d010fe4a2","135","1","0.74","8.00"
"0bae85eb84b9fb3bd773911e89288d54","145","1","0.69","4.00"
"fc906263ca5083d09dce42fe02247800","117","0","0.00",NULL
"9616352088dcf83a7c06637f4ebf1c80","97","0","0.00",NULL
"06e5eefc71ec47ae763c5c6f8db7064f","93","0","0.00",NULL
"f3b80352b986ab4d1057a4b724be19d0","91","0","0.00",NULL
"d566c37fa119d5e66c4e9052e83ee4ea","73","0","0.00",NULL
"b372ee768ed69e46ca8cdbd267aa7a38","69","0","0.00",NULL
"8ae520247981aa06bc94abddf5f46d34","65","0","0.00",NULL
"57e632711dec9ec14ca7546769483e7e","65","0","0.00",NULL
"d57e18d5f73c7ccb7f7339b61166898d","63","0","0.00",NULL
"cc63f0dd2acba93ffed4fe9f8e0321fa","63","0","0.00",NULL
"fa1a9dec3a9940c072684a46728bf1fc","60","0","0.00",NULL
"e882b2a25a10b9c057cc49695f222c19","58","0","0.00",NULL
"eed78ac17f7f795a19a709745f00cd4e","56","0","0.00",NULL
"6df688df543f90e9b38f4319e75a9d88","55","0","0.00",NULL
"b1a81260566c1bac3114a6d124413f27","54","0","0.00",NULL
"2b3e4a2a3ea8e01938cabda2a3e5cc79","54","0","0.00",NULL
"4da0e408c99d2fdc2126dc9fce518060","54","0","0.00",NULL
"3504c0cb71d7fa48d967e0e4c94d59d9","53","0","0.00",NULL
"3bb548e3cb7f70f28e3f11ee9dce0e59","53","0","0.00",NULL
"81f89e42267213cb94da7ddc301651da","52","0","0.00",NULL
"aae3bfea055532c57fb453ed3ec80b30","50","0","0.00",NULL
"6b90f847357d8981edd79a1eb1bf0acb","47","0","0.00",NULL
"325f3178fb58e2a9778334621eecdbf9","46","0","0.00",NULL
"acce39e832338debb07b02385cde5967","44","0","0.00",NULL
"6338ea67c41078a46ad99cc009654956","44","0","0.00",NULL
"718539d38d07dd351c76db862760e2e2","43","0","0.00",NULL
"bd4889b5e9133b35b66e42a8665cea5c","42","0","0.00",NULL
"b410bdd36d5db7a65dcd42b7ead933b8","42","0","0.00",NULL
"34d1ca11b242c0fee2c834ae8d788566","41","0","0.00",NULL
"bba74270a87732727b5a3b4fd9ac1c39","40","0","0.00",NULL
"ed4acab38528488b65a9a9c603ff024a","39","0","0.00",NULL
"272f092de69afedd4d2969440b37f18f","39","0","0.00",NULL
"b90e891671cffd9557f33a97dc523645","39","0","0.00",NULL
"31561f325664a8a7aba4c8d0c3a9b3db","38","0","0.00",NULL
"65febd49fd28ec955651299159b1f527","38","0","0.00",NULL
"5cbbd5a299cab112b7bf23862255e43e","38","0","0.00",NULL
"bb135baca94c82fcb731335ad5b04a03","38","0","0.00",NULL
"b1ac6ea7895bc3dd6f0f6f4abbdd2821","38","0","0.00",NULL
"5160d23075764e18e07c1f4a87fad743","38","0","0.00",NULL
"14a08204d03bb6b6bde8029f801ae0eb","38","0","0.00",NULL
"49067458c68f7701fd334ce326accbe0","37","0","0.00",NULL
"e49c26c3edfa46d227d5121a6b6e4d37","35","0","0.00",NULL
"73a63f72308aa20a46f4b1632018f196","35","0","0.00",NULL
"33ac3e28642ab8bda860a2f693000e78","35","0","0.00",NULL
"94e93ce877be27a515118dbfd2c2be41","34","0","0.00",NULL
"48efc9d94a9834137efd9ea76b065a38","34","0","0.00",NULL
"cac876b37d3abcd6bd76caca30277996","33","0","0.00",NULL
"5debea795b07621e1f90532e18f96145","33","0","0.00",NULL
"0ebd97a106433a45a4aebe57c1799778","32","0","0.00",NULL
"fad44952713764836814be105382aee5","32","0","0.00",NULL
"f67efa3f0b6761102a7f8c6b7b571f5d","32","0","0.00",NULL
"916748bc99315c2d202898ae58b1617e","32","0","0.00",NULL
"9baf5cb77970f539089d09a38bcec5c3","32","0","0.00",NULL
"1b938a7ec6ac5061a66a3766e0e75f90","31","0","0.00",NULL
"40d54b51e962dbe09cabbcfd33298dee","31","0","0.00",NULL
"cc3d14116804f7209f3884f6367f1152","30","0","0.00",NULL
"4bf2f4ee540798a61f9636d12cd9cc80","30","0","0.00",NULL
"f326006815956455b2859abd58fe7e39","30","0","0.00",NULL
"e9511df20ccd82658a30c37b7fb343af","30","0","0.00",NULL
"0885aaf116795758dfeb5f1032487bcd","29","0","0.00",NULL
"960945e1a9535cbc0cd6ddd35fbe7ae8","29","0","0.00",NULL
"c6381d2d013342748761e906d45aff76","28","0","0.00",NULL
"55d3daac7c404d59e51c2aa2f4dc5a23","28","0","0.00",NULL
"bf00385a5f7fc1ef39a13c2e9ee50a5f","28","0","0.00",NULL
"671585f5a2af58b6e276bc01003c0d2b","27","0","0.00",NULL
"f41ce2e25237f9092cd8e6e7516c7a2f","27","0","0.00",NULL
"7e26c750b4cb9f6766f58265ff9ebe95","27","0","0.00",NULL
"916c9de0b5ad957346eeeb12f332687e","27","0","0.00",NULL
"7ade73f1b9b4e965f9009a4c3a7e2c15","27","0","0.00",NULL
"013900e863eace745d3ec7614cab5b1a","26","0","0.00",NULL
"8ab42aa58097fd4668d60cc648225d5f","26","0","0.00",NULL
"334cab711dee080b079fa5779b584783","26","0","0.00",NULL
"b2a6d334e2833acea353624840e25a0e","26","0","0.00",NULL
"c731d18cea9bf687ffee82a241c25b11","26","0","0.00",NULL
"e48b04bf1aa1ef711caebeb7aede6180","25","0","0.00",NULL
"3481aa57cd91f9f9d3fa1fa12d9a3bf7","25","0","0.00",NULL
"79ed755314cfe6df0daef2c6cd3022cd","25","0","0.00",NULL
"ddd51ae8cda92f3995a51fc0f0f3eec7","25","0","0.00",NULL
"07bf9669d84d1f11be443a9dd938f698","24","0","0.00",NULL
"5c853bb56f70f4d14218944bae111d7a","24","0","0.00",NULL
"3785b653b1b82de85ab47dd139938091","24","0","0.00",NULL
"8c5e007d7bd5693fa1386ffefbc99f6c","24","0","0.00",NULL
"02ecc2a19303f05e59ce133fd923fff7","24","0","0.00",NULL
"845e8036c3f7bf62099352f5ed910240","24","0","0.00",NULL
"e6a69c4a27dfdd98ffe5aa757ad744bc","23","0","0.00",NULL
"5bffbafbb22daf6d3bfc216a46db8708","23","0","0.00",NULL
"42ef3192a9ff87a22d1867b74b3ee205","23","0","0.00",NULL
"41c2bad7229b0c25e6becf179ebf63ff","23","0","0.00",NULL
"6426d21aca402a131fc0a5d0960a3c90","23","0","0.00",NULL
"888faa8bfb0b159c37de6d898b961c31","23","0","0.00",NULL
"e21a1e8be4715b0fcfd5385643bc49c4","23","0","0.00",NULL
"1430239a858e7682bbc43b20758af153","22","0","0.00",NULL
"d8c7ba53e7e38711eaef8c2849d6d2e1","22","0","0.00",NULL
"bc2ac6b95e1accce9858528ee566c17e","22","0","0.00",NULL
"52f9db5cfb423382a2fa5c9e39303202","22","0","0.00",NULL
"6a38087bc8ad4f89ff453561005f6dea","22","0","0.00",NULL
"5b664594895aefb418afaee6d40a9a23","22","0","0.00",NULL
"c72de06d72748d1a0dfb2125be43ba63","22","0","0.00",NULL
"638cba8be1fb599bbb76fd6948351eb3","22","0","0.00",NULL
"42fa4ee7240e9b8eb4576358ec142ba7","22","0","0.00",NULL
"679769a98cfcc6da877c8486ff1c13f3","21","0","0.00",NULL
"b347677812ea483b0f528eaf8cbc09b7","21","0","0.00",NULL
"bd697db56ff8e7c9cd1abeb7f72029b2","21","0","0.00",NULL
"b494891378bd8f4560abe576c52deacd","21","0","0.00",NULL
"bf100ecb7997df312b285358fb32f92c","21","0","0.00",NULL
"6b15924333bd1a741595fe981ea04822","21","0","0.00",NULL
"41da412d33e8da4f22baf55cb1bde82c","21","0","0.00",NULL
"8f78f0903005064036736c7173a5c2ed","21","0","0.00",NULL
"cfa5ab0e4d3fc212fd0b3410e7081c62","20","0","0.00",NULL
"4b0fdb526525f9890eb145bf1534640e","20","0","0.00",NULL
"f9244d45189d3a3605499abddeade7d5","20","0","0.00",NULL
"dfc475d54e1b6dbeeb7d7d9bdaa63827","20","0","0.00",NULL
"1354d51653f645349064725ed204e85e","20","0","0.00",NULL
"4736e9d642ef4257cd7622516931eb51","20","0","0.00",NULL
"65b081a070633e057c462abdd6fb9dd8","20","0","0.00",NULL
"e250d617a0ad591ba9bd663e584a895d","20","0","0.00",NULL
"93b9a99027bd8bd6af682aff18dd19bf","20","0","0.00",NULL
"30a81d8cf85fb2ada1b1b094c9583a95","20","0","0.00",NULL
"b1fecf4da1fa2689bccffa0121953643","20","0","0.00",NULL
"ffdd9f82b9a447f6f8d4b91554cc7dd3","20","0","0.00",NULL
